date,open,high,low,close,last,yesterday,volume,value,trades
2025-12-10,17500.0,0.0,0.0,16498.0,16000.0,1000.0,123402842.0,2035918861972.0,1135524.0
2025-12-13,16990.0,16990.0,16990.0,16990.0,16990.0,16500.0,6326369.0,107485009310.0,5484.0
2025-12-14,17490.0,17490.0,17490.0,17490.0,17490.0,16990.0,6552188.0,114597768120.0,8286.0
2025-12-15,18010.0,18010.0,18010.0,18010.0,18010.0,17490.0,6340619.0,114194548190.0,5095.0
2025-12-16,18550.0,18550.0,18550.0,18550.0,18550.0,18010.0,6389038.0,118516654900.0,5796.0
2025-12-17,19100.0,19100.0,19100.0,19100.0,19100.0,18550.0,7295232.0,139338931200.0,19070.0
2025-12-20,19670.0,19670.0,19670.0,19670.0,19670.0,19100.0,12234796.0,240658437320.0,28479.0
2025-12-21,20260.0,20260.0,20260.0,20260.0,20260.0,19670.0,14919302.0,302265058520.0,61733.0
2025-12-22,20860.0,20860.0,20860.0,20860.0,20860.0,20260.0,16464931.0,343458460660.0,79429.0
2025-12-23,21480.0,21480.0,21480.0,21480.0,21480.0,20860.0,45782547.0,983409109560.0,70704.0
2025-12-24,21520.0,22000.0,21520.0,21740.0,21810.0,21480.0,81370430.0,1769211756700.0,249251.0
2025-12-27,21950.0,22150.0,21100.0,21550.0,21250.0,21740.0,40495264.0,872757805000.0,109273.0
2025-12-28,21000.0,21700.0,20950.0,21150.0,21150.0,21550.0,28668728.0,606684009650.0,79769.0
2025-12-29,21300.0,21400.0,20550.0,20700.0,20550.0,21150.0,16292378.0,336948290150.0,34461.0
2025-12-30,20400.0,20400.0,20100.0,20100.0,20100.0,20700.0,5913134.0,118899397500.0,7554.0
2025-12-31,19500.0,20700.0,19500.0,20300.0,20500.0,20100.0,11761390.0,238667530150.0,22630.0
2026-01-04,19700.0,19900.0,19700.0,19700.0,19700.0,20300.0,4912296.0,96828109800.0,4643.0
2026-01-05,19600.0,20250.0,19550.0,19950.0,19850.0,19700.0,9959124.0,198752043800.0,13801.0
2026-01-06,20000.0,20500.0,20000.0,20350.0,20500.0,19950.0,11247574.0,228947806550.0,12691.0
2026-01-07,20500.0,20500.0,19750.0,19800.0,19750.0,20350.0,13159374.0,260434404000.0,9954.0
2026-01-10,19210.0,19250.0,19210.0,19210.0,19210.0,19800.0,8914446.0,171246972210.0,5237.0
2026-01-11,18720.0,19210.0,18640.0,18790.0,19000.0,19210.0,10976800.0,206216576210.0,14131.0
2026-01-12,19320.0,19320.0,18780.0,19040.0,18990.0,18790.0,5179402.0,98614160150.0,12244.0
2026-01-13,19350.0,19350.0,18470.0,18560.0,18480.0,19040.0,10175338.0,188836647080.0,12466.0
2026-01-14,18720.0,18720.0,18010.0,18100.0,18140.0,18560.0,8680505.0,157157914570.0,13604.0
2026-01-18,18060.0,18640.0,18060.0,18440.0,18440.0,18100.0,2488631.0,45902465460.0,5661.0
2026-01-19,18900.0,18950.0,18300.0,18590.0,18510.0,18440.0,2765555.0,51415845820.0,6730.0
2026-01-20,18800.0,18990.0,18510.0,18810.0,18900.0,18590.0,2246251.0,42260872000.0,3682.0
2026-01-21,19340.0,19370.0,19060.0,19290.0,19370.0,18810.0,5704264.0,110037828930.0,4640.0
2026-01-24,19370.0,19370.0,18720.0,18810.0,18720.0,19290.0,3852183.0,72457755940.0,2297.0
2026-01-25,18250.0,18800.0,18250.0,18250.0,18250.0,18810.0,5247049.0,95771337510.0,3931.0
2026-01-26,17710.0,18200.0,17710.0,17730.0,17710.0,18250.0,4769388.0,84558954010.0,3107.0
2026-01-27,17200.0,17430.0,17200.0,17220.0,17200.0,17730.0,5639081.0,97089399190.0,5690.0
2026-01-28,16730.0,17640.0,16730.0,17140.0,17460.0,17220.0,4891351.0,83850489610.0,6167.0
2026-01-31,17630.0,17630.0,16630.0,16740.0,16660.0,17140.0,3975642.0,66535580700.0,4156.0
2026-02-01,17000.0,17240.0,16370.0,17160.0,17240.0,16740.0,3801001.0,65214693720.0,4030.0
2026-02-02,17640.0,17670.0,17280.0,17660.0,17670.0,17160.0,2905119.0,51309724320.0,2905.0
2026-02-03,18100.0,18130.0,17300.0,17620.0,17600.0,17660.0,3857452.0,67986139110.0,3689.0
2026-02-07,18090.0,18140.0,17670.0,18100.0,18140.0,17620.0,3277536.0,59312328750.0,4004.0
2026-02-08,18500.0,18500.0,17560.0,17690.0,17560.0,18100.0,3505840.0,62005503040.0,3100.0
2026-02-09,17440.0,17440.0,17160.0,17170.0,17160.0,17690.0,3210910.0,55118390300.0,3729.0
2026-02-10,17170.0,17560.0,16800.0,17090.0,17010.0,17170.0,981965.0,16782826300.0,4147.0
2026-02-14,17500.0,17500.0,16630.0,16850.0,16640.0,17090.0,1116487.0,18809601780.0,1967.0
2026-02-15,17000.0,17010.0,16350.0,16400.0,16370.0,16850.0,1911880.0,31347534250.0,1699.0
2026-02-16,16250.0,16670.0,16050.0,16440.0,16570.0,16400.0,802598.0,13193084940.0,1678.0
2026-02-17,16570.0,16800.0,16400.0,16600.0,16700.0,16440.0,1361878.0,22610269430.0,1510.0
2026-02-18,16930.0,16930.0,16240.0,16430.0,16450.0,16600.0,754012.0,12388110800.0,1880.0
2026-02-21,15940.0,16300.0,15940.0,15940.0,15940.0,16430.0,3178727.0,50680233200.0,1675.0
2026-02-22,15520.0,15800.0,15470.0,15510.0,15510.0,15940.0,1772500.0,27496940300.0,1977.0
2026-02-23,15200.0,15970.0,15200.0,15840.0,15940.0,15510.0,1372712.0,21743239210.0,1516.0
2026-02-24,15740.0,16120.0,15370.0,15520.0,15550.0,15840.0,1243946.0,19305815250.0,1382.0
2026-02-25,15420.0,15970.0,15390.0,15670.0,15480.0,15520.0,1063734.0,16666095770.0,1233.0
2026-05-19,15200.0,15200.0,15200.0,15200.0,15200.0,15670.0,6679051.0,101521575200.0,439.0
2026-05-20,14750.0,15650.0,14750.0,15370.0,15640.0,15200.0,7886608.0,121179066070.0,2488.0
2026-05-23,15830.0,15830.0,15650.0,15830.0,15830.0,15370.0,3976655.0,62950368760.0,1140.0
2026-05-24,16300.0,16300.0,16300.0,16300.0,16300.0,15830.0,6624064.0,107972243200.0,908.0
2026-05-25,16770.0,16780.0,16350.0,16670.0,16750.0,16300.0,7341948.0,122384309670.0,2251.0
2026-05-26,16660.0,16660.0,16170.0,16350.0,16390.0,16670.0,5146139.0,84141923400.0,2449.0
2026-05-30,16690.0,16840.0,16400.0,16840.0,16840.0,16350.0,8014266.0,134929496630.0,2172.0
2026-05-31,17340.0,17340.0,17200.0,17340.0,17340.0,16840.0,10432534.0,180850939980.0,1920.0
2026-06-01,17700.0,17700.0,16820.0,16940.0,16820.0,17340.0,11539912.0,195528280760.0,3549.0
2026-06-02,16530.0,16750.0,16440.0,16490.0,16440.0,16940.0,7659014.0,126276528610.0,3300.0
2026-06-03,16490.0,16490.0,16000.0,16110.0,16060.0,16490.0,8519487.0,137210010570.0,3181.0
2026-06-06,16110.0,16590.0,16010.0,16560.0,16590.0,16110.0,4124163.0,68289172160.0,1551.0
2026-06-07,16700.0,17050.0,16700.0,17000.0,17010.0,16560.0,2816955.0,47895489420.0,2072.0
2026-06-08,16490.0,16490.0,16490.0,16490.0,16490.0,17000.0,1465790.0,24170877100.0,212.0
2026-06-09,16620.0,16980.0,16620.0,16960.0,16940.0,16490.0,6241512.0,105854052660.0,2237.0
2026-06-14,17460.0,17460.0,17460.0,17460.0,17460.0,16960.0,2112935.0,36891845100.0,931.0
2026-06-15,17980.0,17980.0,17920.0,17980.0,17980.0,17460.0,5992363.0,107737644380.0,2558.0
2026-06-16,18510.0,18510.0,17450.0,17680.0,17450.0,17980.0,8439184.0,149215005680.0,2229.0
2026-06-17,17170.0,17350.0,17150.0,17160.0,17150.0,17680.0,7538390.0,129332316490.0,2206.0
2026-06-20,16670.0,17500.0,16650.0,16760.0,16650.0,17160.0,6926707.0,116063556080.0,3151.0
2026-06-21,16800.0,16920.0,16260.0,16400.0,16520.0,16760.0,9003622.0,147692337160.0,2744.0
2026-06-22,16210.0,16400.0,15910.0,15990.0,16060.0,16400.0,2400949.0,38380228670.0,1271.0
2026-06-23,16000.0,16460.0,16000.0,16390.0,16450.0,15990.0,2166416.0,35498932680.0,1527.0
2026-06-27,16790.0,16790.0,15910.0,16160.0,16130.0,16390.0,1832245.0,29603750210.0,1585.0
2026-06-28,15690.0,16000.0,15680.0,15710.0,15810.0,16160.0,2365948.0,37172045280.0,2122.0
2026-06-29,15240.0,16100.0,15240.0,15690.0,15790.0,15710.0,1533653.0,24069758250.0,1169.0
2026-06-30,15970.0,16150.0,15730.0,15950.0,15880.0,15690.0,2053393.0,32754088280.0,1306.0
2026-07-08,14310.0,14310.0,13490.0,13830.0,13490.0,13900.0,3632019.0,50223017130.0,1078.0
2026-07-11,13440.0,13690.0,13420.0,13460.0,13550.0,13830.0,3206215.0,43151563790.0,1351.0
2026-07-12,13060.0,13290.0,13060.0,13080.0,13110.0,13460.0,3160289.0,41343013920.0,1117.0
2026-07-13,12690.0,13040.0,12690.0,12780.0,12850.0,13080.0,1526571.0,19509831400.0,901.0
2026-07-14,12690.0,13160.0,12510.0,13000.0,13110.0,12780.0,1212415.0,15756873460.0,978.0
2026-07-15,13240.0,13350.0,13000.0,13070.0,13090.0,13000.0,941933.0,12314770300.0,802.0
2026-07-18,12950.0,12950.0,12680.0,12690.0,12680.0,13070.0,2926787.0,37134958840.0,729.0
2026-07-19,12310.0,12800.0,12310.0,12460.0,12580.0,12690.0,1319243.0,16439489000.0,863.0
2026-07-20,12580.0,12830.0,12580.0,12790.0,12830.0,12460.0,1889820.0,24169188860.0,935.0
2026-07-21,12810.0,13170.0,12810.0,13150.0,13170.0,12790.0,2640530.0,34735860170.0,820.0
2026-07-22,13190.0,13540.0,13050.0,13230.0,13140.0,13150.0,2359900.0,31220449520.0,862.0
2026-07-25,13350.0,13450.0,13080.0,13240.0,13140.0,13230.0,1540203.0,20399260900.0,772.0
2026-07-26,13480.0,13630.0,13280.0,13580.0,13630.0,13240.0,3708087.0,50360630500.0,1039.0
2026-07-27,13740.0,13740.0,13440.0,13560.0,13600.0,13580.0,1150455.0,15605918300.0,972.0
2026-07-28,13410.0,13850.0,13380.0,13630.0,13760.0,13560.0,1386825.0,18904043630.0,941.0
2026-07-29,13230.0,13690.0,13230.0,13490.0,13560.0,13630.0,730624.0,9853196000.0,669.0
2026-08-01,13300.0,13610.0,13300.0,13410.0,13360.0,13490.0,1330529.0,17838328420.0,894.0
2026-08-02,13450.0,13810.0,13390.0,13700.0,13810.0,13410.0,2993763.0,41003608450.0,1108.0
2026-08-03,13980.0,14110.0,13980.0,14100.0,14110.0,13700.0,3359519.0,47372336080.0,1020.0
2026-08-05,14240.0,14520.0,14240.0,14480.0,14480.0,14100.0,5203884.0,75340999730.0,1140.0
2026-08-08,14880.0,14910.0,14550.0,14890.0,14910.0,14480.0,3669738.0,54630124360.0,1639.0
2026-08-09,14990.0,14990.0,14450.0,14490.0,14450.0,14890.0,2948888.0,42715701780.0,764.0
2026-08-10,14400.0,14590.0,14060.0,14210.0,14260.0,14490.0,3392971.0,48219108420.0,2212.0
2026-08-11,14210.0,14630.0,14210.0,14490.0,14630.0,14210.0,6004855.0,87004840180.0,1418.0
2026-08-15,14920.0,14920.0,14920.0,14920.0,14920.0,14490.0,2419707.0,36102028440.0,820.0
2026-08-16,15360.0,15360.0,15360.0,15360.0,15360.0,14920.0,5559822.0,85398865920.0,898.0
2026-08-17,15820.0,15820.0,15820.0,15820.0,15820.0,15360.0,4953335.0,78361759700.0,1400.0
2026-08-18,16290.0,16290.0,16290.0,16290.0,16290.0,15820.0,6283639.0,102360479310.0,1565.0
2026-08-19,16770.0,16770.0,16770.0,16770.0,16770.0,16290.0,4560893.0,76486175610.0,1941.0
2026-08-22,17270.0,17270.0,17270.0,17270.0,17270.0,16770.0,3556879.0,61427300330.0,1060.0
2026-08-23,17780.0,17780.0,17510.0,17780.0,17780.0,17270.0,28955640.0,514808315250.0,2036.0
2026-08-24,18310.0,18310.0,18010.0,18290.0,18310.0,17780.0,20808385.0,380673028970.0,2234.0
2026-08-25,18830.0,18830.0,18290.0,18740.0,18830.0,18290.0,16272951.0,304945522230.0,2741.0
2026-08-26,19300.0,19300.0,18800.0,19190.0,19300.0,18740.0,18053091.0,346512832790.0,3811.0
2026-08-29,19760.0,19760.0,18750.0,19160.0,19070.0,19190.0,14134898.0,270786983680.0,5475.0
2026-08-31,18590.0,18950.0,18590.0,18590.0,18590.0,19160.0,22129211.0,411471322950.0,2087.0
